currency,trade_id,entry_date,entry_price,exit_price,loss_amount,loss_reason_category,loss_reason_detail,root_cause,recommended_fix,fix_priority
BTCUSDT,1,2026-01-15,86450,86150,-32.34,CHOPPY_MARKET,Price oscillating between fib levels without direction,No ADX filter to identify trending markets,Add ADX > 25 filter,CRITICAL
BTCUSDT,2,2026-01-16,86801,86150,-35.30,COUNTER_TREND,Entered long during daily downtrend,Insufficient higher timeframe confirmation,Add daily trend filter (price > EMA 20),CRITICAL
BTCUSDT,3,2026-01-18,85501,84800,-38.20,TIGHT_STOP,3x ATR stop hit by normal market noise,ATR multiplier too low for BTC volatility,Increase ATR multiplier to 4x,CRITICAL
BTCUSDT,4,2026-01-20,87250,86500,-35.30,LATE_ENTRY,Entered at 0.5 fib after bounce from 0.618,Entry timing not optimized,Wait for 0.618 fib entry only,MODERATE
BTCUSDT,5,2026-01-22,86800,86200,-36.13,OVERTRADING,Trade #5 in 3 days in same range,No trade frequency limit,Max 2 trades per day,MODERATE
BTCUSDT,6,2026-01-24,87501,86800,-36.13,COUNTER_TREND,Daily trend down but entered long,No daily trend filter,Only enter when daily EMA bullish,CRITICAL
BTCUSDT,7,2026-01-26,86201,85500,-37.85,CHOPPY_MARKET,ADX below 20 during entry,Trading in ranging market,Add ADX filter,CRITICAL
BTCUSDT,8,2026-01-28,87850,87100,-36.86,TIGHT_STOP,Stop hit by 0.4% wick then reversal,Stop too tight for volatility,Widen stop to 4x ATR,CRITICAL
BTCUSDT,9,2026-01-30,87001,86500,-35.32,LATE_ENTRY,Price already moved 8% from low,Entering late in move,Wait for deeper pullbacks,MODERATE
BTCUSDT,10,2026-02-01,88500,87750,-35.32,CHOPPY_MARKET,Sideways action for 5 days prior,No ranging market filter,Add ADX > 25 requirement,CRITICAL
ETHUSDT,1,2026-01-18,2280,2246,-87.41,LARGE_LOSS,Flash crash hit stop immediately,Position size too large for volatility,Implement position scaling (50% + 50%),CRITICAL
ETHUSDT,2,2026-01-25,2300,2265,-83.68,FALSE_BREAKOUT,Price broke resistance then reversed,No confirmation candle required,Wait for 1h close above breakout,CRITICAL
ETHUSDT,3,2026-02-07,2400,2366,-84.45,LOW_VOLUME,Breakout on 0.7x average volume,Volume filter threshold too low,Increase volume threshold to 1.0x,MODERATE
SOLUSDT,1,2026-01-16,98,95,-99.60,LATE_CROSSOVER,EMA cross after 12% price move,EMA is lagging indicator,Add RSI momentum filter,CRITICAL
SOLUSDT,2,2026-01-20,103,100,-95.89,LATE_CROSSOVER,Trend already 15% established,Entering exhausted trends,Require RSI 50-70 range,CRITICAL
SOLUSDT,3,2026-02-01,86,83,-90.60,CHOPPY_MARKET,EMAs crossed 3 times in 2 days,No market regime filter,Add ADX > 20 filter,CRITICAL
SOLUSDT,4,2026-02-10,89,86,-79.34,WIDE_STOP,3% stop too wide for SOL,Stop distance not optimized,Reduce stop to 2.5%,MODERATE
SOLUSDT,5,2026-02-15,92,90,-85.36,LATE_CROSSOVER,Cross occurred at trend top,Late EMA signal,Wait for pullback to EMA after cross,MODERATE
XRPUSDT,1,2026-01-17,2.45,2.38,-75.50,COUNTER_TREND,Daily trend clearly down,No higher timeframe filter,Add daily trend filter or pause trading,CRITICAL
XRPUSDT,2,2026-01-25,2.52,2.44,-77.04,COUNTER_TREND,Long entry in bear market,Strategy doesn't check daily trend,PAUSE XRP trading immediately,CRITICAL
XRPUSDT,3,2026-01-29,2.41,2.34,-73.26,EARLY_ENTRY,Trying to catch falling knife,No reversal confirmation,Wait for trend reversal confirmation,CRITICAL
XRPUSDT,4,2026-02-07,2.28,2.21,-77.55,SLIPPAGE,Wide spread caused worse exit,XRP has lower liquidity,Reduce position size to 25% or stop trading,HIGH
XRPUSDT,5,2026-02-18,2.32,2.25,-80.37,CHOPPY_MARKET,Multiple false signals in range,No ADX filter,Add market regime filter,CRITICAL
XRPUSDT,6,2026-02-23,2.26,2.19,-78.48,COUNTER_TREND,Entered against weekly trend,Strategy only looks at 1h,Check weekly trend before entry,CRITICAL
XRPUSDT,7,2026-02-28,2.18,2.11,-75.74,EARLY_ENTRY,Support broke after entry,False support level,Require volume confirmation on bounce,HIGH
